<?xml version="1.0" encoding="UTF-8"?><ImplementationGuide xmlns="http://hl7.org/fhir"><id value="hl7.fhir.it.dossierpharma"/><text><status value="extensions"/><div xmlns="http://www.w3.org/1999/xhtml"><h2>HL7ITDossierPharma</h2><p>The official URL for this implementation guide is: </p><pre>http://hl7.it/fhir/dossierPharma/ImplementationGuide/hl7.fhir.it.dossierpharma</pre><div><p>HL7 Italia Dossier Farmaceutico FHIR Implementation Guide, specifica come utilizzare lo standard HL7 FHIR per l&#39;alimentazione e la consultazione del dossier farmaceutico</p>
</div></div></text><url value="http://hl7.it/fhir/dossierPharma/ImplementationGuide/hl7.fhir.it.dossierpharma"/><version value="0.1.0"/><name value="HL7ITDossierPharma"/><title value="HL7 Italia Dossier Farmaceutico FHIR Implementation Guide"/><status value="active"/><date value="2021-11-09T17:46:13+01:00"/><description value="HL7 Italia Dossier Farmaceutico FHIR Implementation Guide, specifica come utilizzare lo standard HL7 FHIR per l&#39;alimentazione e la consultazione del dossier farmaceutico"/><jurisdiction><coding><system value="urn:iso:std:iso:3166"/><code value="IT"/><display value="Italy"/></coding></jurisdiction><packageId value="hl7.fhir.it.dossierpharma"/><license value="CC-BY-SA-4.0"/><fhirVersion value="4.0.1"/><dependsOn id="hl7_fhir_it_base"><uri value="http://hl7.it/fhir/ImplementationGuide/hl7.fhir.it.base"/><packageId value="hl7.fhir.it.base"/><version value="dev"/></dependsOn><dependsOn id="hl7_fhir_it_terminology"><uri value="http://terminology.hl7.it/ImplementationGuide/hl7.fhir.it.terminology"/><packageId value="hl7.fhir.it.terminology"/><version value="dev"/></dependsOn><definition><extension url="http://hl7.org/fhir/tools/StructureDefinition/ig-parameter"><extension url="code"><valueString value="copyrightyear"/></extension><extension url="value"><valueString value="2021+"/></extension></extension><extension url="http://hl7.org/fhir/tools/StructureDefinition/ig-parameter"><extension url="code"><valueString value="releaselabel"/></extension><extension url="value"><valueString value="CI Build"/></extension></extension><extension url="http://hl7.org/fhir/tools/StructureDefinition/ig-parameter"><extension url="code"><valueString value="show-inherited-invariants"/></extension><extension url="value"><valueString value="false"/></extension></extension><extension url="http://hl7.org/fhir/tools/StructureDefinition/ig-parameter"><extension url="code"><valueString value="apply-jurisdiction"/></extension><extension url="value"><valueString value="true"/></extension></extension><extension url="http://hl7.org/fhir/tools/StructureDefinition/ig-parameter"><extension url="code"><valueString value="apply-publisher"/></extension><extension url="value"><valueString value="true"/></extension></extension><extension url="http://hl7.org/fhir/tools/StructureDefinition/ig-parameter"><extension url="code"><valueString value="special-url"/></extension><extension url="value"><valueString value="http://terminology.hl7.it/CodeSystem/minsan-esenzioni"/></extension></extension><extension url="http://hl7.org/fhir/tools/StructureDefinition/ig-parameter"><extension url="code"><valueString value="special-url"/></extension><extension url="value"><valueString value="http://terminology.hl7.it/CodeSystem/istat-professioni"/></extension></extension><extension url="http://hl7.org/fhir/tools/StructureDefinition/ig-parameter"><extension url="code"><valueString value="autoload-resources"/></extension><extension url="value"><valueString value="true"/></extension></extension><extension url="http://hl7.org/fhir/tools/StructureDefinition/ig-parameter"><extension url="code"><valueString value="path-liquid"/></extension><extension url="value"><valueString value="template/liquid"/></extension></extension><extension url="http://hl7.org/fhir/tools/StructureDefinition/ig-parameter"><extension url="code"><valueString value="path-liquid"/></extension><extension url="value"><valueString value="input/liquid"/></extension></extension><extension url="http://hl7.org/fhir/tools/StructureDefinition/ig-parameter"><extension url="code"><valueString value="path-qa"/></extension><extension url="value"><valueString value="temp/qa"/></extension></extension><extension url="http://hl7.org/fhir/tools/StructureDefinition/ig-parameter"><extension url="code"><valueString value="path-temp"/></extension><extension url="value"><valueString value="temp/pages"/></extension></extension><extension url="http://hl7.org/fhir/tools/StructureDefinition/ig-parameter"><extension url="code"><valueString value="path-output"/></extension><extension url="value"><valueString value="output"/></extension></extension><extension url="http://hl7.org/fhir/tools/StructureDefinition/ig-parameter"><extension url="code"><valueString value="path-suppressed-warnings"/></extension><extension url="value"><valueString value="input/ignoreWarnings.txt"/></extension></extension><extension url="http://hl7.org/fhir/tools/StructureDefinition/ig-parameter"><extension url="code"><valueString value="path-history"/></extension><extension url="value"><valueString value="http://hl7.it/fhir/dossierPharma/history.html"/></extension></extension><extension url="http://hl7.org/fhir/tools/StructureDefinition/ig-parameter"><extension url="code"><valueString value="template-html"/></extension><extension url="value"><valueString value="template-page.html"/></extension></extension><extension url="http://hl7.org/fhir/tools/StructureDefinition/ig-parameter"><extension url="code"><valueString value="template-md"/></extension><extension url="value"><valueString value="template-page-md.html"/></extension></extension><extension url="http://hl7.org/fhir/tools/StructureDefinition/ig-parameter"><extension url="code"><valueString value="apply-contact"/></extension><extension url="value"><valueString value="true"/></extension></extension><extension url="http://hl7.org/fhir/tools/StructureDefinition/ig-parameter"><extension url="code"><valueString value="apply-context"/></extension><extension url="value"><valueString value="true"/></extension></extension><extension url="http://hl7.org/fhir/tools/StructureDefinition/ig-parameter"><extension url="code"><valueString value="apply-copyright"/></extension><extension url="value"><valueString value="true"/></extension></extension><extension url="http://hl7.org/fhir/tools/StructureDefinition/ig-parameter"><extension url="code"><valueString value="apply-license"/></extension><extension url="value"><valueString value="true"/></extension></extension><extension url="http://hl7.org/fhir/tools/StructureDefinition/ig-parameter"><extension url="code"><valueString value="apply-version"/></extension><extension url="value"><valueString value="true"/></extension></extension><extension url="http://hl7.org/fhir/tools/StructureDefinition/ig-parameter"><extension url="code"><valueString value="active-tables"/></extension><extension url="value"><valueString value="true"/></extension></extension><grouping id="-dyn-capabilitystatement"><name value="Behavior: Capability Statements"/><description value="The following artifacts define the specific capabilities that different types of systems are expected to have in order to comply with this implementation guide.  Systems conforming to this implementation guide are expected to declare conformance to one or more of the following capability statements."/></grouping><grouping id="-str-profile"><name value="Structures: Resource Profiles"/><description value="These define constraints on FHIR resources for systems conforming to this implementation guide"/></grouping><grouping id="-str-extension"><name value="Structures: Extension Definitions"/><description value="These define constraints on FHIR data types for systems conforming to this implementation guide"/></grouping><resource><extension url="http://hl7.org/fhir/StructureDefinition/implementationguide-page"><valueUri value="StructureDefinition-AggiornamentoDossierFarmaceutico.html"/></extension><reference><reference value="StructureDefinition/AggiornamentoDossierFarmaceutico"/></reference><name value="AggiornamentoDossierFarmaceutico"/><exampleBoolean value="false"/><groupingId value="-str-profile"/></resource><resource><extension url="http://hl7.org/fhir/StructureDefinition/implementationguide-page"><valueUri value="StructureDefinition-AlimentazioneDossierFarmaceutico.html"/></extension><reference><reference value="StructureDefinition/AlimentazioneDossierFarmaceutico"/></reference><name value="AlimentazioneDossierFarmaceutico"/><exampleBoolean value="false"/><groupingId value="-str-profile"/></resource><resource><extension url="http://hl7.org/fhir/StructureDefinition/implementationguide-page"><valueUri value="StructureDefinition-LocationErogazione.html"/></extension><reference><reference value="StructureDefinition/LocationErogazione"/></reference><name value="LocationErogazione"/><exampleBoolean value="false"/><groupingId value="-str-profile"/></resource><resource><extension url="http://hl7.org/fhir/StructureDefinition/implementationguide-page"><valueUri value="StructureDefinition-MedicationDispense-it-dossierPharma.html"/></extension><reference><reference value="StructureDefinition/MedicationDispense-it-dossierPharma"/></reference><name value="MedicationDispense - Dossier Farmaceutico"/><description value="Profilo MedicationDispense per Dossier Farmaceutico"/><exampleBoolean value="false"/><groupingId value="-str-profile"/></resource><resource><extension url="http://hl7.org/fhir/StructureDefinition/implementationguide-page"><valueUri value="StructureDefinition-MedicationRef.html"/></extension><reference><reference value="StructureDefinition/MedicationRef"/></reference><name value="MedicationRef"/><description value="Risorsa che veicola cariier identifier"/><exampleBoolean value="false"/><groupingId value="-str-profile"/></resource><resource><extension url="http://hl7.org/fhir/StructureDefinition/implementationguide-page"><valueUri value="StructureDefinition-MedicationRequest-it-dossierPharma.html"/></extension><reference><reference value="StructureDefinition/MedicationRequest-it-dossierPharma"/></reference><name value="MedicationRequest - Dossier Farmaceutico"/><description value="Profilo MedicationRequest per Dossier Farmaceutico"/><exampleBoolean value="false"/><groupingId value="-str-profile"/></resource><resource><extension url="http://hl7.org/fhir/StructureDefinition/implementationguide-page"><valueUri value="StructureDefinition-MedicoPrescrittore.html"/></extension><reference><reference value="StructureDefinition/MedicoPrescrittore"/></reference><name value="MedicoPrescrittore"/><exampleBoolean value="false"/><groupingId value="-str-profile"/></resource><resource><extension url="http://hl7.org/fhir/StructureDefinition/implementationguide-page"><valueUri value="StructureDefinition-ProvenanceForDossier.html"/></extension><reference><reference value="StructureDefinition/ProvenanceForDossier"/></reference><name value="ProvenanceForDossier"/><exampleBoolean value="false"/><groupingId value="-str-profile"/></resource><resource><extension url="http://hl7.org/fhir/StructureDefinition/implementationguide-page"><valueUri value="StructureDefinition-MedicoTitolare.html"/></extension><reference><reference value="StructureDefinition/MedicoTitolare"/></reference><name value="MedicoTitolare"/><exampleBoolean value="false"/><groupingId value="-str-extension"/></resource><resource><extension url="http://hl7.org/fhir/StructureDefinition/implementationguide-page"><valueUri value="StructureDefinition-NRE.html"/></extension><reference><reference value="StructureDefinition/NRE"/></reference><name value="NRE"/><exampleBoolean value="false"/><groupingId value="-str-extension"/></resource><resource><extension url="http://hl7.org/fhir/StructureDefinition/implementationguide-page"><valueUri value="StructureDefinition-Recorded.html"/></extension><reference><reference value="StructureDefinition/Recorded"/></reference><name value="Recorded"/><exampleBoolean value="false"/><groupingId value="-str-extension"/></resource><resource><extension url="http://hl7.org/fhir/StructureDefinition/implementationguide-page"><valueUri value="CapabilityStatement-DossierFarmaceutico-ContentArchiver.html"/></extension><reference><reference value="CapabilityStatement/DossierFarmaceutico-ContentArchiver"/></reference><name value="DossierFarmaceutico-ContentArchiver"/><description value="CapabilityStatement per il Content Archiver definito nelle specifiche del Dossier Farmaceutico"/><exampleBoolean value="false"/><groupingId value="-dyn-capabilitystatement"/></resource><resource><extension url="http://hl7.org/fhir/StructureDefinition/implementationguide-page"><valueUri value="CapabilityStatement-DossierFarmaceutico-ContentConsumer.html"/></extension><reference><reference value="CapabilityStatement/DossierFarmaceutico-ContentConsumer"/></reference><name value="DossierFarmaceutico-ContentConsumer"/><description value="CapabilityStatement per il Content Consumer definito nelle specifiche del Dossier Farmaceutico"/><exampleBoolean value="false"/><groupingId value="-dyn-capabilitystatement"/></resource><resource><extension url="http://hl7.org/fhir/StructureDefinition/implementationguide-page"><valueUri value="CapabilityStatement-DossierFarmaceutico-ContentExtractor.html"/></extension><reference><reference value="CapabilityStatement/DossierFarmaceutico-ContentExtractor"/></reference><name value="DossierFarmaceutico-ContentExtractor"/><description value="CapabilityStatement per il Content Extractor definito nelle specifiche del Dossier Farmaceutico"/><exampleBoolean value="false"/><groupingId value="-dyn-capabilitystatement"/></resource><resource><extension url="http://hl7.org/fhir/StructureDefinition/implementationguide-page"><valueUri value="CapabilityStatement-DossierFarmaceutico-ContentManager.html"/></extension><reference><reference value="CapabilityStatement/DossierFarmaceutico-ContentManager"/></reference><name value="DossierFarmaceutico-ContentManager"/><description value="CapabilityStatement per il Content Manager definito nelle specifiche del Dossier Farmaceutico"/><exampleBoolean value="false"/><groupingId value="-dyn-capabilitystatement"/></resource><page><nameUrl value="toc.html"/><title value="Table of Contents"/><generation value="html"/><page><nameUrl value="index.html"/><title value="Dossier Farmaceutico - Home Page"/><generation value="markdown"/></page><page><nameUrl value="design.html"/><title value="Principi e disegno"/><generation value="markdown"/></page><page><nameUrl value="methodology.html"/><title value="Metodologia"/><generation value="markdown"/></page><page><nameUrl value="spec.html"/><title value="Specifiche Tecniche"/><generation value="markdown"/></page><page><nameUrl value="scenario.html"/><title value="Scenari"/><generation value="html"/></page><page><nameUrl value="downloads.html"/><title value="Download utili"/><generation value="html"/></page><page><nameUrl value="changes.html"/><title value="IG Change History"/><generation value="html"/></page><page><nameUrl value="artifacts.html"/><title value="Artifacts Summary"/><generation value="html"/><page><nameUrl value="CapabilityStatement-DossierFarmaceutico-ContentArchiver.html"/><title value="DossierFarmaceutico-ContentArchiver"/><generation value="generated"/></page><page><nameUrl value="CapabilityStatement-DossierFarmaceutico-ContentConsumer.html"/><title value="DossierFarmaceutico-ContentConsumer"/><generation value="generated"/></page><page><nameUrl value="CapabilityStatement-DossierFarmaceutico-ContentExtractor.html"/><title value="DossierFarmaceutico-ContentExtractor"/><generation value="generated"/></page><page><nameUrl value="CapabilityStatement-DossierFarmaceutico-ContentManager.html"/><title value="DossierFarmaceutico-ContentManager"/><generation value="generated"/></page><page><nameUrl value="StructureDefinition-AggiornamentoDossierFarmaceutico.html"/><title value="AggiornamentoDossierFarmaceutico"/><generation value="generated"/></page><page><nameUrl value="StructureDefinition-AlimentazioneDossierFarmaceutico.html"/><title value="AlimentazioneDossierFarmaceutico"/><generation value="generated"/></page><page><nameUrl value="StructureDefinition-LocationErogazione.html"/><title value="LocationErogazione"/><generation value="generated"/></page><page><nameUrl value="StructureDefinition-MedicationDispense-it-dossierPharma.html"/><title value="MedicationDispense - Dossier Farmaceutico"/><generation value="generated"/></page><page><nameUrl value="StructureDefinition-MedicationRef.html"/><title value="MedicationRef"/><generation value="generated"/></page><page><nameUrl value="StructureDefinition-MedicationRequest-it-dossierPharma.html"/><title value="MedicationRequest - Dossier Farmaceutico"/><generation value="generated"/></page><page><nameUrl value="StructureDefinition-MedicoPrescrittore.html"/><title value="MedicoPrescrittore"/><generation value="generated"/></page><page><nameUrl value="StructureDefinition-ProvenanceForDossier.html"/><title value="ProvenanceForDossier"/><generation value="generated"/></page><page><nameUrl value="StructureDefinition-MedicoTitolare.html"/><title value="MedicoTitolare"/><generation value="generated"/></page><page><nameUrl value="StructureDefinition-NRE.html"/><title value="NRE"/><generation value="generated"/></page><page><nameUrl value="StructureDefinition-Recorded.html"/><title value="Recorded"/><generation value="generated"/></page></page></page><parameter><code value="path-resource"/><value value="input/capabilities"/></parameter><parameter><code value="path-resource"/><value value="input/examples"/></parameter><parameter><code value="path-resource"/><value value="input/extensions"/></parameter><parameter><code value="path-resource"/><value value="input/models"/></parameter><parameter><code value="path-resource"/><value value="input/operations"/></parameter><parameter><code value="path-resource"/><value value="input/profiles"/></parameter><parameter><code value="path-resource"/><value value="input/resources"/></parameter><parameter><code value="path-resource"/><value value="input/vocabulary"/></parameter><parameter><code value="path-resource"/><value value="input/maps"/></parameter><parameter><code value="path-resource"/><value value="input/testing"/></parameter><parameter><code value="path-resource"/><value value="input/history"/></parameter><parameter><code value="path-resource"/><value value="fsh-generated/resources"/></parameter><parameter><code value="path-pages"/><value value="template/config"/></parameter><parameter><code value="path-pages"/><value value="input/images"/></parameter><parameter><code value="path-tx-cache"/><value value="input-cache/txcache"/></parameter></definition></ImplementationGuide>