[
  {
    "id": "DossierFarmaceutico-ContentArchiver",
    "type": "CapabilityStatement",
    "url": "http://example.org/fhir/CapabilityStatement/DossierFarmaceutico_ContentArchiver",
    "version": "0.1.0",
    "name": "DossierFarmaceutico_ContentArchiver"
  },
  {
    "id": "DossierFarmaceutico-ContentConsumer",
    "type": "CapabilityStatement",
    "url": "http://example.org/fhir/CapabilityStatement/DossierFarmaceutico_ContentConsumer",
    "version": "0.1.0",
    "name": "DossierFarmaceutico_ContentConsumer"
  },
  {
    "id": "DossierFarmaceutico-ContentExtractor",
    "type": "CapabilityStatement",
    "url": "http://example.org/fhir/CapabilityStatement/DossierFarmaceutico_ContentExtractor",
    "version": "0.1.0",
    "name": "DossierFarmaceutico_ContentExtractor"
  },
  {
    "id": "DossierFarmaceutico-ContentManager",
    "type": "CapabilityStatement",
    "url": "http://example.org/fhir/CapabilityStatement/DossierFarmaceutico_ContentManager",
    "version": "0.1.0",
    "name": "DossierFarmaceutico_ContentManager"
  },
  {
    "id": "hl7.fhir.it.dossierpharma",
    "type": "ImplementationGuide",
    "url": "http://hl7.it/fhir/dossierPharma/ImplementationGuide/hl7.fhir.it.dossierpharma",
    "version": "0.1.0",
    "name": "HL7ITDossierPharma"
  },
  {
    "id": "LocationErogazione",
    "type": "StructureDefinition",
    "url": "http://hl7.it/fhir/dossierPharma/StructureDefinition/LocationErogazione",
    "version": "0.1.0",
    "name": "LocationErogazione"
  },
  {
    "id": "MedicationDispense-it-dossierPharma",
    "type": "StructureDefinition",
    "url": "http://hl7.it/fhir/dossierPharma/StructureDefinition/MedicationDispense-it-dossierPharma",
    "version": "0.1.0",
    "name": "MedicationDispenseItDossierPharma"
  },
  {
    "id": "MedicationRef",
    "type": "StructureDefinition",
    "url": "http://hl7.it/fhir/dossierPharma/StructureDefinition/MedicationRef",
    "version": "0.1.0",
    "name": "MedicationRef"
  },
  {
    "id": "MedicationRequest-it-dossierPharma",
    "type": "StructureDefinition",
    "url": "http://hl7.it/fhir/dossierPharma/StructureDefinition/MedicationRequest-it-dossierPharma",
    "version": "0.1.0",
    "name": "MedicationRequestItDossierPharma"
  },
  {
    "id": "MedicoPrescrittore",
    "type": "StructureDefinition",
    "url": "http://hl7.it/fhir/dossierPharma/StructureDefinition/MedicoPrescrittore",
    "version": "0.1.0",
    "name": "MedicoPrescrittore"
  },
  {
    "id": "ProvenanceForDossier",
    "type": "StructureDefinition",
    "url": "http://hl7.it/fhir/dossierPharma/StructureDefinition/ProvenanceForDossier",
    "version": "0.1.0",
    "name": "ProvenanceForDossier"
  },
  {
    "id": "AggiornamentoDossierFarmaceutico",
    "type": "StructureDefinition",
    "url": "https://example.org/fhir/StructureDefinition/AggiornamentoDossierFarmaceutico",
    "version": "0.1.0",
    "name": "AggiornamentoDossierFarmaceutico"
  },
  {
    "id": "AlimentazioneDossierFarmaceutico",
    "type": "StructureDefinition",
    "url": "https://example.org/fhir/StructureDefinition/AlimentazioneDossierFarmaceutico",
    "version": "0.1.0",
    "name": "AlimentazioneDossierFarmaceutico"
  },
  {
    "id": "MedicoTitolare",
    "type": "StructureDefinition",
    "url": "https://example.org/fhir/StructureDefinition/MedicoTitolare",
    "version": "0.1.0",
    "name": "MedicoTitolare"
  },
  {
    "id": "NRE",
    "type": "StructureDefinition",
    "url": "https://example.org/fhir/StructureDefinition/NRE",
    "version": "0.1.0",
    "name": "NRE"
  },
  {
    "id": "Recorded",
    "type": "StructureDefinition",
    "url": "https://example.org/fhir/StructureDefinition/Recorded",
    "version": "0.1.0",
    "name": "Recorded"
  }
]