<?xml version="1.0" encoding="UTF-8"?>

<CapabilityStatement xmlns="http://hl7.org/fhir">
  <id value="DossierFarmaceutico-ContentManager"/>
  <text>
    <status value="additional"/><div xmlns="http://www.w3.org/1999/xhtml"><a>TESTO per dossier Farmaceutico generale</a></div>
  </text>
  <url value="http://example.org/fhir/CapabilityStatement/DossierFarmaceutico_ContentManager"/>
  <version value="0.1.0"/>
  <name value="DossierFarmaceutico_ContentManager"/>
  <title value="Dossier Farmaceutico - Content Manager (client)"/>
  <status value="draft"/>
  <experimental value="false"/>
  <date value="2021-09-03"/>
  <description value="CapabilityStatement per il Content Manager definito nelle specifiche del Dossier Farmaceutico"/>
  <jurisdiction>
    <coding>
      <system value="urn:iso:std:iso:3166"/>
      <code value="IT"/>
      <display value="Italy"/>
    </coding>
  </jurisdiction>
  <kind value="requirements"/>
  <fhirVersion value="4.0.1"/>
  <format value="application/fhir+json"/>
  <rest>
    <mode value="client"/>
    <security>
      <cors value="false"/>
      <description value="IUA"/>
    </security>
    <interaction>
      <code value="transaction"/>
      <documentation value="http://example.org/fhir/StructureDefinition/AlimentazioneDossierFarmaceutico"/>
    </interaction>
    <interaction>
      <code value="transaction"/>
      <documentation value="http://example.org/fhir/StructureDefinition/AggiornamentoDossierFarmaceutico"/>
    </interaction>
  </rest>
</CapabilityStatement>