{
  "package": "hl7.fhir.it.dossierpharma",
  "version": "0.1.0",
  "fhirVersion": "4.0.1",
  "jurisdiction": "IT",
  "extensions": [
    {
      "url": "https://example.org/fhir/StructureDefinition/MedicoTitolare",
      "title": "MedicoTitolare",
      "types": [
        "Reference"
      ]
    },
    {
      "url": "https://example.org/fhir/StructureDefinition/NRE",
      "title": "NRE",
      "types": [
        "Identifier",
        "string",
        "Extension",
        "code",
        "CodeableConcept",
        "uri",
        "string",
        "Period",
        "Reference"
      ]
    },
    {
      "url": "https://example.org/fhir/StructureDefinition/Recorded",
      "title": "Recorded",
      "types": [
        "dateTime"
      ]
    }
  ],
  "profiles": {
    "Location": [
      {
        "url": "http://hl7.it/fhir/dossierPharma/StructureDefinition/LocationErogazione",
        "title": "LocationErogazione"
      }
    ],
    "MedicationDispense": [
      {
        "url": "http://hl7.it/fhir/dossierPharma/StructureDefinition/MedicationDispense-it-dossierPharma",
        "title": "MedicationDispense - Dossier Farmaceutico"
      }
    ],
    "Medication": [
      {
        "url": "http://hl7.it/fhir/dossierPharma/StructureDefinition/MedicationRef",
        "title": "MedicationRef"
      }
    ],
    "MedicationRequest": [
      {
        "url": "http://hl7.it/fhir/dossierPharma/StructureDefinition/MedicationRequest-it-dossierPharma",
        "title": "MedicationRequest - Dossier Farmaceutico"
      }
    ],
    "Practitioner": [
      {
        "url": "http://hl7.it/fhir/dossierPharma/StructureDefinition/MedicoPrescrittore",
        "title": "MedicoPrescrittore"
      }
    ],
    "Provenance": [
      {
        "url": "http://hl7.it/fhir/dossierPharma/StructureDefinition/ProvenanceForDossier",
        "title": "ProvenanceForDossier"
      }
    ],
    "Bundle": [
      {
        "url": "https://example.org/fhir/StructureDefinition/AggiornamentoDossierFarmaceutico",
        "title": "AggiornamentoDossierFarmaceutico"
      },
      {
        "url": "https://example.org/fhir/StructureDefinition/AlimentazioneDossierFarmaceutico",
        "title": "AlimentazioneDossierFarmaceutico"
      }
    ]
  },
  "usage": {
    "http://hl7.org/fhir/StructureDefinition/elementdefinition-bestpractice": [
      "StructureDefinition.snapshot.element.constraint"
    ],
    "http://hl7.org/fhir/StructureDefinition/elementdefinition-bestpractice-explanation": [
      "StructureDefinition.snapshot.element.constraint"
    ],
    "http://hl7.org/fhir/StructureDefinition/elementdefinition-bindingName": [
      "StructureDefinition.snapshot.element.binding"
    ],
    "http://hl7.org/fhir/StructureDefinition/elementdefinition-isCommonBinding": [
      "StructureDefinition.snapshot.element.binding"
    ],
    "http://hl7.org/fhir/StructureDefinition/elementdefinition-maxValueSet": [
      "StructureDefinition.snapshot.element.binding"
    ],
    "http://hl7.org/fhir/StructureDefinition/elementdefinition-translatable": [
      "StructureDefinition.snapshot.element"
    ],
    "http://hl7.org/fhir/StructureDefinition/structuredefinition-category": [
      "StructureDefinition"
    ],
    "http://hl7.org/fhir/StructureDefinition/structuredefinition-fhir-type": [
      "StructureDefinition.snapshot.element.type"
    ],
    "http://hl7.org/fhir/StructureDefinition/structuredefinition-hierarchy": [
      "StructureDefinition.snapshot.element.type"
    ],
    "http://hl7.org/fhir/StructureDefinition/structuredefinition-security-category": [
      "StructureDefinition"
    ],
    "http://hl7.org/fhir/StructureDefinition/structuredefinition-standards-status": [
      "StructureDefinition.snapshot.element"
    ],
    "http://hl7.org/fhir/tools/StructureDefinition/ig-parameter": [
      "ImplementationGuide.definition"
    ],
    "http://hl7.org/fhir/tools/StructureDefinition/resource-information": [
      "ImplementationGuide.definition.resource"
    ],
    "https://example.org/fhir/StructureDefinition/MedicoTitolare": [
      "MedicationRequest"
    ],
    "https://example.org/fhir/StructureDefinition/Recorded": [
      "MedicationDispense"
    ]
  }
}