{"resourceType":"CapabilityStatement","id":"DossierFarmaceutico-ContentManager","text":{"status":"additional","div":"<div xmlns=\"http://www.w3.org/1999/xhtml\"><a>TESTO per dossier Farmaceutico generale</a></div>"},"url":"http://example.org/fhir/CapabilityStatement/DossierFarmaceutico_ContentManager","version":"0.1.0","name":"DossierFarmaceutico_ContentManager","title":"Dossier Farmaceutico - Content Manager (client)","status":"draft","experimental":false,"date":"2021-09-03","description":"CapabilityStatement per il Content Manager definito nelle specifiche del Dossier Farmaceutico","jurisdiction":[{"coding":[{"system":"urn:iso:std:iso:3166","code":"IT","display":"Italy"}]}],"kind":"requirements","fhirVersion":"4.0.1","format":["application/fhir+json"],"rest":[{"mode":"client","security":{"cors":false,"description":"IUA"},"interaction":[{"code":"transaction","documentation":"http://example.org/fhir/StructureDefinition/AlimentazioneDossierFarmaceutico"},{"code":"transaction","documentation":"http://example.org/fhir/StructureDefinition/AggiornamentoDossierFarmaceutico"}]}]}