{"resourceType":"ImplementationGuide","id":"hl7.fhir.it.dossierpharma","text":{"status":"extensions","div":"<div xmlns=\"http://www.w3.org/1999/xhtml\"><h2>HL7ITDossierPharma</h2><p>The official URL for this implementation guide is: </p><pre>http://hl7.it/fhir/dossierPharma/ImplementationGuide/hl7.fhir.it.dossierpharma</pre><div><p>HL7 Italia Dossier Farmaceutico FHIR Implementation Guide, specifica come utilizzare lo standard HL7 FHIR per l'alimentazione e la consultazione del dossier farmaceutico</p>\n</div></div>"},"url":"http://hl7.it/fhir/dossierPharma/ImplementationGuide/hl7.fhir.it.dossierpharma","version":"0.1.0","name":"HL7ITDossierPharma","title":"HL7 Italia Dossier Farmaceutico FHIR Implementation Guide","status":"active","date":"2021-11-09T17:46:13+01:00","description":"HL7 Italia Dossier Farmaceutico FHIR Implementation Guide, specifica come utilizzare lo standard HL7 FHIR per l'alimentazione e la consultazione del dossier farmaceutico","jurisdiction":[{"coding":[{"system":"urn:iso:std:iso:3166","code":"IT","display":"Italy"}]}],"packageId":"hl7.fhir.it.dossierpharma","license":"CC-BY-SA-4.0","fhirVersion":["4.0.1"],"dependsOn":[{"id":"hl7_fhir_it_base","uri":"http://hl7.it/fhir/ImplementationGuide/hl7.fhir.it.base","packageId":"hl7.fhir.it.base","version":"dev"},{"id":"hl7_fhir_it_terminology","uri":"http://terminology.hl7.it/ImplementationGuide/hl7.fhir.it.terminology","packageId":"hl7.fhir.it.terminology","version":"dev"}],"definition":{"extension":[{"extension":[{"url":"code","valueString":"copyrightyear"},{"url":"value","valueString":"2021+"}],"url":"http://hl7.org/fhir/tools/StructureDefinition/ig-parameter"},{"extension":[{"url":"code","valueString":"releaselabel"},{"url":"value","valueString":"CI Build"}],"url":"http://hl7.org/fhir/tools/StructureDefinition/ig-parameter"},{"extension":[{"url":"code","valueString":"show-inherited-invariants"},{"url":"value","valueString":"false"}],"url":"http://hl7.org/fhir/tools/StructureDefinition/ig-parameter"},{"extension":[{"url":"code","valueString":"apply-jurisdiction"},{"url":"value","valueString":"true"}],"url":"http://hl7.org/fhir/tools/StructureDefinition/ig-parameter"},{"extension":[{"url":"code","valueString":"apply-publisher"},{"url":"value","valueString":"true"}],"url":"http://hl7.org/fhir/tools/StructureDefinition/ig-parameter"},{"extension":[{"url":"code","valueString":"special-url"},{"url":"value","valueString":"http://terminology.hl7.it/CodeSystem/minsan-esenzioni"}],"url":"http://hl7.org/fhir/tools/StructureDefinition/ig-parameter"},{"extension":[{"url":"code","valueString":"special-url"},{"url":"value","valueString":"http://terminology.hl7.it/CodeSystem/istat-professioni"}],"url":"http://hl7.org/fhir/tools/StructureDefinition/ig-parameter"},{"extension":[{"url":"code","valueString":"autoload-resources"},{"url":"value","valueString":"true"}],"url":"http://hl7.org/fhir/tools/StructureDefinition/ig-parameter"},{"extension":[{"url":"code","valueString":"path-liquid"},{"url":"value","valueString":"template/liquid"}],"url":"http://hl7.org/fhir/tools/StructureDefinition/ig-parameter"},{"extension":[{"url":"code","valueString":"path-liquid"},{"url":"value","valueString":"input/liquid"}],"url":"http://hl7.org/fhir/tools/StructureDefinition/ig-parameter"},{"extension":[{"url":"code","valueString":"path-qa"},{"url":"value","valueString":"temp/qa"}],"url":"http://hl7.org/fhir/tools/StructureDefinition/ig-parameter"},{"extension":[{"url":"code","valueString":"path-temp"},{"url":"value","valueString":"temp/pages"}],"url":"http://hl7.org/fhir/tools/StructureDefinition/ig-parameter"},{"extension":[{"url":"code","valueString":"path-output"},{"url":"value","valueString":"output"}],"url":"http://hl7.org/fhir/tools/StructureDefinition/ig-parameter"},{"extension":[{"url":"code","valueString":"path-suppressed-warnings"},{"url":"value","valueString":"input/ignoreWarnings.txt"}],"url":"http://hl7.org/fhir/tools/StructureDefinition/ig-parameter"},{"extension":[{"url":"code","valueString":"path-history"},{"url":"value","valueString":"http://hl7.it/fhir/dossierPharma/history.html"}],"url":"http://hl7.org/fhir/tools/StructureDefinition/ig-parameter"},{"extension":[{"url":"code","valueString":"template-html"},{"url":"value","valueString":"template-page.html"}],"url":"http://hl7.org/fhir/tools/StructureDefinition/ig-parameter"},{"extension":[{"url":"code","valueString":"template-md"},{"url":"value","valueString":"template-page-md.html"}],"url":"http://hl7.org/fhir/tools/StructureDefinition/ig-parameter"},{"extension":[{"url":"code","valueString":"apply-contact"},{"url":"value","valueString":"true"}],"url":"http://hl7.org/fhir/tools/StructureDefinition/ig-parameter"},{"extension":[{"url":"code","valueString":"apply-context"},{"url":"value","valueString":"true"}],"url":"http://hl7.org/fhir/tools/StructureDefinition/ig-parameter"},{"extension":[{"url":"code","valueString":"apply-copyright"},{"url":"value","valueString":"true"}],"url":"http://hl7.org/fhir/tools/StructureDefinition/ig-parameter"},{"extension":[{"url":"code","valueString":"apply-license"},{"url":"value","valueString":"true"}],"url":"http://hl7.org/fhir/tools/StructureDefinition/ig-parameter"},{"extension":[{"url":"code","valueString":"apply-version"},{"url":"value","valueString":"true"}],"url":"http://hl7.org/fhir/tools/StructureDefinition/ig-parameter"},{"extension":[{"url":"code","valueString":"active-tables"},{"url":"value","valueString":"true"}],"url":"http://hl7.org/fhir/tools/StructureDefinition/ig-parameter"}],"grouping":[{"id":"-dyn-capabilitystatement","name":"Behavior: Capability Statements","description":"The following artifacts define the specific capabilities that different types of systems are expected to have in order to comply with this implementation guide.  Systems conforming to this implementation guide are expected to declare conformance to one or more of the following capability statements."},{"id":"-str-profile","name":"Structures: Resource Profiles","description":"These define constraints on FHIR resources for systems conforming to this implementation guide"},{"id":"-str-extension","name":"Structures: Extension Definitions","description":"These define constraints on FHIR data types for systems conforming to this implementation guide"}],"resource":[{"extension":[{"url":"http://hl7.org/fhir/StructureDefinition/implementationguide-page","valueUri":"StructureDefinition-AggiornamentoDossierFarmaceutico.html"}],"reference":{"reference":"StructureDefinition/AggiornamentoDossierFarmaceutico"},"name":"AggiornamentoDossierFarmaceutico","exampleBoolean":false,"groupingId":"-str-profile"},{"extension":[{"url":"http://hl7.org/fhir/StructureDefinition/implementationguide-page","valueUri":"StructureDefinition-AlimentazioneDossierFarmaceutico.html"}],"reference":{"reference":"StructureDefinition/AlimentazioneDossierFarmaceutico"},"name":"AlimentazioneDossierFarmaceutico","exampleBoolean":false,"groupingId":"-str-profile"},{"extension":[{"url":"http://hl7.org/fhir/StructureDefinition/implementationguide-page","valueUri":"StructureDefinition-LocationErogazione.html"}],"reference":{"reference":"StructureDefinition/LocationErogazione"},"name":"LocationErogazione","exampleBoolean":false,"groupingId":"-str-profile"},{"extension":[{"url":"http://hl7.org/fhir/StructureDefinition/implementationguide-page","valueUri":"StructureDefinition-MedicationDispense-it-dossierPharma.html"}],"reference":{"reference":"StructureDefinition/MedicationDispense-it-dossierPharma"},"name":"MedicationDispense - Dossier Farmaceutico","description":"Profilo MedicationDispense per Dossier Farmaceutico","exampleBoolean":false,"groupingId":"-str-profile"},{"extension":[{"url":"http://hl7.org/fhir/StructureDefinition/implementationguide-page","valueUri":"StructureDefinition-MedicationRef.html"}],"reference":{"reference":"StructureDefinition/MedicationRef"},"name":"MedicationRef","description":"Risorsa che veicola cariier identifier","exampleBoolean":false,"groupingId":"-str-profile"},{"extension":[{"url":"http://hl7.org/fhir/StructureDefinition/implementationguide-page","valueUri":"StructureDefinition-MedicationRequest-it-dossierPharma.html"}],"reference":{"reference":"StructureDefinition/MedicationRequest-it-dossierPharma"},"name":"MedicationRequest - Dossier Farmaceutico","description":"Profilo MedicationRequest per Dossier Farmaceutico","exampleBoolean":false,"groupingId":"-str-profile"},{"extension":[{"url":"http://hl7.org/fhir/StructureDefinition/implementationguide-page","valueUri":"StructureDefinition-MedicoPrescrittore.html"}],"reference":{"reference":"StructureDefinition/MedicoPrescrittore"},"name":"MedicoPrescrittore","exampleBoolean":false,"groupingId":"-str-profile"},{"extension":[{"url":"http://hl7.org/fhir/StructureDefinition/implementationguide-page","valueUri":"StructureDefinition-ProvenanceForDossier.html"}],"reference":{"reference":"StructureDefinition/ProvenanceForDossier"},"name":"ProvenanceForDossier","exampleBoolean":false,"groupingId":"-str-profile"},{"extension":[{"url":"http://hl7.org/fhir/StructureDefinition/implementationguide-page","valueUri":"StructureDefinition-MedicoTitolare.html"}],"reference":{"reference":"StructureDefinition/MedicoTitolare"},"name":"MedicoTitolare","exampleBoolean":false,"groupingId":"-str-extension"},{"extension":[{"url":"http://hl7.org/fhir/StructureDefinition/implementationguide-page","valueUri":"StructureDefinition-NRE.html"}],"reference":{"reference":"StructureDefinition/NRE"},"name":"NRE","exampleBoolean":false,"groupingId":"-str-extension"},{"extension":[{"url":"http://hl7.org/fhir/StructureDefinition/implementationguide-page","valueUri":"StructureDefinition-Recorded.html"}],"reference":{"reference":"StructureDefinition/Recorded"},"name":"Recorded","exampleBoolean":false,"groupingId":"-str-extension"},{"extension":[{"url":"http://hl7.org/fhir/StructureDefinition/implementationguide-page","valueUri":"CapabilityStatement-DossierFarmaceutico-ContentArchiver.html"}],"reference":{"reference":"CapabilityStatement/DossierFarmaceutico-ContentArchiver"},"name":"DossierFarmaceutico-ContentArchiver","description":"CapabilityStatement per il Content Archiver definito nelle specifiche del Dossier Farmaceutico","exampleBoolean":false,"groupingId":"-dyn-capabilitystatement"},{"extension":[{"url":"http://hl7.org/fhir/StructureDefinition/implementationguide-page","valueUri":"CapabilityStatement-DossierFarmaceutico-ContentConsumer.html"}],"reference":{"reference":"CapabilityStatement/DossierFarmaceutico-ContentConsumer"},"name":"DossierFarmaceutico-ContentConsumer","description":"CapabilityStatement per il Content Consumer definito nelle specifiche del Dossier Farmaceutico","exampleBoolean":false,"groupingId":"-dyn-capabilitystatement"},{"extension":[{"url":"http://hl7.org/fhir/StructureDefinition/implementationguide-page","valueUri":"CapabilityStatement-DossierFarmaceutico-ContentExtractor.html"}],"reference":{"reference":"CapabilityStatement/DossierFarmaceutico-ContentExtractor"},"name":"DossierFarmaceutico-ContentExtractor","description":"CapabilityStatement per il Content Extractor definito nelle specifiche del Dossier Farmaceutico","exampleBoolean":false,"groupingId":"-dyn-capabilitystatement"},{"extension":[{"url":"http://hl7.org/fhir/StructureDefinition/implementationguide-page","valueUri":"CapabilityStatement-DossierFarmaceutico-ContentManager.html"}],"reference":{"reference":"CapabilityStatement/DossierFarmaceutico-ContentManager"},"name":"DossierFarmaceutico-ContentManager","description":"CapabilityStatement per il Content Manager definito nelle specifiche del Dossier Farmaceutico","exampleBoolean":false,"groupingId":"-dyn-capabilitystatement"}],"page":{"nameUrl":"toc.html","title":"Table of Contents","generation":"html","page":[{"nameUrl":"index.html","title":"Dossier Farmaceutico - Home Page","generation":"markdown"},{"nameUrl":"design.html","title":"Principi e disegno","generation":"markdown"},{"nameUrl":"methodology.html","title":"Metodologia","generation":"markdown"},{"nameUrl":"spec.html","title":"Specifiche Tecniche","generation":"markdown"},{"nameUrl":"scenario.html","title":"Scenari","generation":"html"},{"nameUrl":"downloads.html","title":"Download utili","generation":"html"},{"nameUrl":"changes.html","title":"IG Change History","generation":"html"},{"nameUrl":"artifacts.html","title":"Artifacts Summary","generation":"html","page":[{"nameUrl":"CapabilityStatement-DossierFarmaceutico-ContentArchiver.html","title":"DossierFarmaceutico-ContentArchiver","generation":"generated"},{"nameUrl":"CapabilityStatement-DossierFarmaceutico-ContentConsumer.html","title":"DossierFarmaceutico-ContentConsumer","generation":"generated"},{"nameUrl":"CapabilityStatement-DossierFarmaceutico-ContentExtractor.html","title":"DossierFarmaceutico-ContentExtractor","generation":"generated"},{"nameUrl":"CapabilityStatement-DossierFarmaceutico-ContentManager.html","title":"DossierFarmaceutico-ContentManager","generation":"generated"},{"nameUrl":"StructureDefinition-AggiornamentoDossierFarmaceutico.html","title":"AggiornamentoDossierFarmaceutico","generation":"generated"},{"nameUrl":"StructureDefinition-AlimentazioneDossierFarmaceutico.html","title":"AlimentazioneDossierFarmaceutico","generation":"generated"},{"nameUrl":"StructureDefinition-LocationErogazione.html","title":"LocationErogazione","generation":"generated"},{"nameUrl":"StructureDefinition-MedicationDispense-it-dossierPharma.html","title":"MedicationDispense - Dossier Farmaceutico","generation":"generated"},{"nameUrl":"StructureDefinition-MedicationRef.html","title":"MedicationRef","generation":"generated"},{"nameUrl":"StructureDefinition-MedicationRequest-it-dossierPharma.html","title":"MedicationRequest - Dossier Farmaceutico","generation":"generated"},{"nameUrl":"StructureDefinition-MedicoPrescrittore.html","title":"MedicoPrescrittore","generation":"generated"},{"nameUrl":"StructureDefinition-ProvenanceForDossier.html","title":"ProvenanceForDossier","generation":"generated"},{"nameUrl":"StructureDefinition-MedicoTitolare.html","title":"MedicoTitolare","generation":"generated"},{"nameUrl":"StructureDefinition-NRE.html","title":"NRE","generation":"generated"},{"nameUrl":"StructureDefinition-Recorded.html","title":"Recorded","generation":"generated"}]}]},"parameter":[{"code":"path-resource","value":"input/capabilities"},{"code":"path-resource","value":"input/examples"},{"code":"path-resource","value":"input/extensions"},{"code":"path-resource","value":"input/models"},{"code":"path-resource","value":"input/operations"},{"code":"path-resource","value":"input/profiles"},{"code":"path-resource","value":"input/resources"},{"code":"path-resource","value":"input/vocabulary"},{"code":"path-resource","value":"input/maps"},{"code":"path-resource","value":"input/testing"},{"code":"path-resource","value":"input/history"},{"code":"path-resource","value":"fsh-generated/resources"},{"code":"path-pages","value":"template/config"},{"code":"path-pages","value":"input/images"},{"code":"path-tx-cache","value":"input-cache/txcache"}]}}